IN,1824
OUT,1824
TONEGEN,1224
NOISEGEN,1660
CHIRP,1812
WAVPLAYER,2156
GAIN,1144
GAIN_ST,1212
ATTEN,1144
ATTEN_ST,1212
MUTE,1144
POLARITY,1148
LOUDNESS,6408
NEGATOR,1148
ADDER,1036
MOVAV,194124
RMS,2092
SQRT,452
ABS,452
MULTIPLIER,460
METER,1176
RTA,26848
CLIPPER,1836
COMP,6636
COMP_Combo,7804
GATE,6436
LIMITER,6420
LIMITER_MB,25308
DEESSER,3320
AUTO_COMP,7888
AGC,4940
DELAY,5276
MULTITAP,266048
DELAY_Intp,33876
LPF_COMB_FILTER,136068
LONG_APF,69108
REVERB,237672
REVERB_V2,104556
CHORUS,6104
BIQUAD,5568
BIQUAD5,5400
PEQ,5396
LPF,2996
HPF,2996
IIRCOEF,4052
XOVER,8272
FIR,9884
LMS,4252
MERGER,1036
MIXER,1036
MIXER8,1660
DRYWET,720
SPLITx8,460
SPLITx4,460
SPLITx2,460
MUX,1528
MUX_ST,2040
SPECTRUM,411588
BPM,209788
IN_F,452
OUT_F,452
PEQ_FIXED,5344
DELAY_FIXED,41612
ABS_FIXED,660
MIXER8_FIXED,1944
ADDER_FIXED,1272
LPF_FIXED,5312
HPF_FIXED,5312
XOVER_FIXED,13428
LIMITER_FIXED,7396
COMP_FIXED,10492
FIR_FIXED,30744
METER_FIXED,1392
GAIN_FIXED,1364
GAIN_ST_FIXED,1440
MUTE_FIXED,1364
POLARITY_FIXED,1368
NEGATOR_FIXED,1368
SQRT_FIXED,660
MUL_FIXED,864
CLIPPER_FIXED,2056
MOVAVG_FIXED,194088
IIRCOEF_FIXED,4224
COMP_COMBO_FIXED,11404
SPLITx8_FIXED,468
SPLITx4_FIXED,468
SPLITx2_FIXED,468
MUX_FIXED,1980
DBASS,2796
VBASS,22564
